passage_id,type,rank
photosynthesis,matched,1
photosynthesis,paraphrased,1
eiffel_tower,matched,1
eiffel_tower,paraphrased,1
great_barrier_reef,matched,1
great_barrier_reef,paraphrased,1
marie_curie,matched,1
marie_curie,paraphrased,1
mount_everest,matched,1
mount_everest,paraphrased,1
amazon_river,matched,1
amazon_river,paraphrased,1
dna_double_helix,matched,1
dna_double_helix,paraphrased,4
french_revolution,matched,1
french_revolution,paraphrased,2
hamlet,matched,1
hamlet,paraphrased,1
great_wall,matched,1
great_wall,paraphrased,1
black_holes,matched,1
black_holes,paraphrased,1
renaissance,matched,1
renaissance,paraphrased,1
industrial_revolution,matched,1
industrial_revolution,paraphrased,1
great_depression,matched,1
great_depression,paraphrased,1
human_heart,matched,1
human_heart,paraphrased,1
volcanoes,matched,1
volcanoes,paraphrased,1
apollo_11,matched,1
apollo_11,paraphrased,1
end_of_ww2,matched,1
end_of_ww2,paraphrased,1
sahara_desert,matched,1
sahara_desert,paraphrased,1
relativity,matched,1
relativity,paraphrased,1
printing_press,matched,1
printing_press,paraphrased,1
penicillin,matched,1
penicillin,paraphrased,1
statue_of_liberty,matched,1
statue_of_liberty,paraphrased,1
jenner_vaccine,matched,1
jenner_vaccine,paraphrased,1
