passage_id,type,q_content_words,shared_words,overlap_ratio
photosynthesis,matched,10,8,0.8
photosynthesis,paraphrased,14,3,0.214
eiffel_tower,matched,4,4,1.0
eiffel_tower,paraphrased,14,6,0.429
great_barrier_reef,matched,7,7,1.0
great_barrier_reef,paraphrased,11,2,0.182
marie_curie,matched,8,6,0.75
marie_curie,paraphrased,10,4,0.4
mount_everest,matched,6,4,0.667
mount_everest,paraphrased,14,5,0.357
amazon_river,matched,8,5,0.625
amazon_river,paraphrased,15,9,0.6
dna_double_helix,matched,6,5,0.833
dna_double_helix,paraphrased,14,2,0.143
french_revolution,matched,5,2,0.4
french_revolution,paraphrased,20,4,0.2
hamlet,matched,4,2,0.5
hamlet,paraphrased,12,3,0.25
great_wall,matched,9,6,0.667
great_wall,paraphrased,15,3,0.2
black_holes,matched,5,3,0.6
black_holes,paraphrased,15,9,0.6
renaissance,matched,4,2,0.5
renaissance,paraphrased,15,7,0.467
industrial_revolution,matched,4,2,0.5
industrial_revolution,paraphrased,13,6,0.462
great_depression,matched,5,3,0.6
great_depression,paraphrased,16,6,0.375
human_heart,matched,8,3,0.375
human_heart,paraphrased,18,10,0.556
volcanoes,matched,5,3,0.6
volcanoes,paraphrased,16,5,0.312
apollo_11,matched,7,7,1.0
apollo_11,paraphrased,15,9,0.6
end_of_ww2,matched,7,5,0.714
end_of_ww2,paraphrased,16,7,0.438
sahara_desert,matched,5,4,0.8
sahara_desert,paraphrased,17,7,0.412
relativity,matched,5,3,0.6
relativity,paraphrased,15,7,0.467
printing_press,matched,7,6,0.857
printing_press,paraphrased,16,3,0.188
penicillin,matched,6,2,0.333
penicillin,paraphrased,14,5,0.357
statue_of_liberty,matched,5,4,0.8
statue_of_liberty,paraphrased,14,8,0.571
jenner_vaccine,matched,5,4,0.8
jenner_vaccine,paraphrased,16,4,0.25
